[
  {"model": "pages.page", "pk": 1, "fields": {"title": "Главная"}},
  {"model": "pages.page", "pk": 2, "fields": {"title": "Подборка музыки"}},
  {"model": "pages.page", "pk": 3, "fields": {"title": "Видео хабы"}},
  {"model": "pages.page", "pk": 4, "fields": {"title": "Смешанный контент"}},
  {"model": "pages.page", "pk": 5, "fields": {"title": "Избранное"}},

  {"model": "pages.audiocontent", "pk": 1, "fields": {"title": "Аудио 01", "counter": 12, "text": "Транскрипт аудио 01. Короткое описание."}},
  {"model": "pages.audiocontent", "pk": 2, "fields": {"title": "Аудио 02", "counter": 48, "text": "Транскрипт аудио 02. Короткое описание."}},
  {"model": "pages.audiocontent", "pk": 3, "fields": {"title": "Аудио 03", "counter": 7,  "text": "Транскрипт аудио 03. Короткое описание."}},
  {"model": "pages.audiocontent", "pk": 4, "fields": {"title": "Аудио 04", "counter": 95, "text": "Транскрипт аудио 04. Короткое описание."}},
  {"model": "pages.audiocontent", "pk": 5, "fields": {"title": "Аудио 05", "counter": 0,  "text": "Транскрипт аудио 05. Короткое описание."}},
  {"model": "pages.audiocontent", "pk": 6, "fields": {"title": "Аудио 06", "counter": 21, "text": "Транскрипт аудио 06. Короткое описание."}},
  {"model": "pages.audiocontent", "pk": 7, "fields": {"title": "Аудио 07", "counter": 64, "text": "Транскрипт аудио 07. Короткое описание."}},
  {"model": "pages.audiocontent", "pk": 8, "fields": {"title": "Аудио 08", "counter": 3,  "text": "Транскрипт аудио 08. Короткое описание."}},
  {"model": "pages.audiocontent", "pk": 9, "fields": {"title": "Аудио 09", "counter": 37, "text": "Транскрипт аудио 09. Короткое описание."}},
  {"model": "pages.audiocontent", "pk": 10, "fields": {"title": "Аудио 10", "counter": 88, "text": "Транскрипт аудио 10. Короткое описание."}},
  {"model": "pages.audiocontent", "pk": 11, "fields": {"title": "Аудио 11", "counter": 5,  "text": "Транскрипт аудио 11. Короткое описание."}},
  {"model": "pages.audiocontent", "pk": 12, "fields": {"title": "Аудио 12", "counter": 18, "text": "Транскрипт аудио 12. Короткое описание."}},
  {"model": "pages.audiocontent", "pk": 13, "fields": {"title": "Аудио 13", "counter": 72, "text": "Транскрипт аудио 13. Короткое описание."}},
  {"model": "pages.audiocontent", "pk": 14, "fields": {"title": "Аудио 14", "counter": 26, "text": "Транскрипт аудио 14. Короткое описание."}},
  {"model": "pages.audiocontent", "pk": 15, "fields": {"title": "Аудио 15", "counter": 44, "text": "Транскрипт аудио 15. Короткое описание."}},
  {"model": "pages.audiocontent", "pk": 16, "fields": {"title": "Аудио 16", "counter": 2,  "text": "Транскрипт аудио 16. Короткое описание."}},
  {"model": "pages.audiocontent", "pk": 17, "fields": {"title": "Аудио 17", "counter": 53, "text": "Транскрипт аудио 17. Короткое описание."}},
  {"model": "pages.audiocontent", "pk": 18, "fields": {"title": "Аудио 18", "counter": 11, "text": "Транскрипт аудио 18. Короткое описание."}},
  {"model": "pages.audiocontent", "pk": 19, "fields": {"title": "Аудио 19", "counter": 33, "text": "Транскрипт аудио 19. Короткое описание."}},
  {"model": "pages.audiocontent", "pk": 20, "fields": {"title": "Аудио 20", "counter": 77, "text": "Транскрипт аудио 20. Короткое описание."}},

  {"model": "pages.videocontent", "pk": 1, "fields": {"title": "Видео 01", "counter": 9,  "file_url": "https://cdn.example.com/videos/video_01.mp4", "subtitles_url": "https://cdn.example.com/subtitles/video_01.vtt"}},
  {"model": "pages.videocontent", "pk": 2, "fields": {"title": "Видео 02", "counter": 41, "file_url": "https://cdn.example.com/videos/video_02.mp4", "subtitles_url": ""}},
  {"model": "pages.videocontent", "pk": 3, "fields": {"title": "Видео 03", "counter": 0,  "file_url": "https://cdn.example.com/videos/video_03.mp4", "subtitles_url": "https://cdn.example.com/subtitles/video_03.vtt"}},
  {"model": "pages.videocontent", "pk": 4, "fields": {"title": "Видео 04", "counter": 24, "file_url": "https://cdn.example.com/videos/video_04.mp4", "subtitles_url": ""}},
  {"model": "pages.videocontent", "pk": 5, "fields": {"title": "Видео 05", "counter": 63, "file_url": "https://cdn.example.com/videos/video_05.mp4", "subtitles_url": "https://cdn.example.com/subtitles/video_05.vtt"}},
  {"model": "pages.videocontent", "pk": 6, "fields": {"title": "Видео 06", "counter": 12, "file_url": "https://cdn.example.com/videos/video_06.mp4", "subtitles_url": ""}},
  {"model": "pages.videocontent", "pk": 7, "fields": {"title": "Видео 07", "counter": 88, "file_url": "https://cdn.example.com/videos/video_07.mp4", "subtitles_url": "https://cdn.example.com/subtitles/video_07.vtt"}},
  {"model": "pages.videocontent", "pk": 8, "fields": {"title": "Видео 08", "counter": 17, "file_url": "https://cdn.example.com/videos/video_08.mp4", "subtitles_url": ""}},
  {"model": "pages.videocontent", "pk": 9, "fields": {"title": "Видео 09", "counter": 5,  "file_url": "https://cdn.example.com/videos/video_09.mp4", "subtitles_url": "https://cdn.example.com/subtitles/video_09.vtt"}},
  {"model": "pages.videocontent", "pk": 10, "fields": {"title": "Видео 10", "counter": 29, "file_url": "https://cdn.example.com/videos/video_10.mp4", "subtitles_url": ""}},
  {"model": "pages.videocontent", "pk": 11, "fields": {"title": "Видео 11", "counter": 73, "file_url": "https://cdn.example.com/videos/video_11.mp4", "subtitles_url": "https://cdn.example.com/subtitles/video_11.vtt"}},
  {"model": "pages.videocontent", "pk": 12, "fields": {"title": "Видео 12", "counter": 1,  "file_url": "https://cdn.example.com/videos/video_12.mp4", "subtitles_url": ""}},
  {"model": "pages.videocontent", "pk": 13, "fields": {"title": "Видео 13", "counter": 46, "file_url": "https://cdn.example.com/videos/video_13.mp4", "subtitles_url": "https://cdn.example.com/subtitles/video_13.vtt"}},
  {"model": "pages.videocontent", "pk": 14, "fields": {"title": "Видео 14", "counter": 32, "file_url": "https://cdn.example.com/videos/video_14.mp4", "subtitles_url": ""}},
  {"model": "pages.videocontent", "pk": 15, "fields": {"title": "Видео 15", "counter": 15, "file_url": "https://cdn.example.com/videos/video_15.mp4", "subtitles_url": "https://cdn.example.com/subtitles/video_15.vtt"}},
  {"model": "pages.videocontent", "pk": 16, "fields": {"title": "Видео 16", "counter": 54, "file_url": "https://cdn.example.com/videos/video_16.mp4", "subtitles_url": ""}},
  {"model": "pages.videocontent", "pk": 17, "fields": {"title": "Видео 17", "counter": 4,  "file_url": "https://cdn.example.com/videos/video_17.mp4", "subtitles_url": "https://cdn.example.com/subtitles/video_17.vtt"}},
  {"model": "pages.videocontent", "pk": 18, "fields": {"title": "Видео 18", "counter": 96, "file_url": "https://cdn.example.com/videos/video_18.mp4", "subtitles_url": ""}},
  {"model": "pages.videocontent", "pk": 19, "fields": {"title": "Видео 19", "counter": 22, "file_url": "https://cdn.example.com/videos/video_19.mp4", "subtitles_url": "https://cdn.example.com/subtitles/video_19.vtt"}},
  {"model": "pages.videocontent", "pk": 20, "fields": {"title": "Видео 20", "counter": 67, "file_url": "https://cdn.example.com/videos/video_20.mp4", "subtitles_url": ""}},

  {"model": "pages.pagecontent", "pk": 1,  "fields": {"page": 1, "content_type": ["pages", "audiocontent"],  "object_id": 1}},
  {"model": "pages.pagecontent", "pk": 2,  "fields": {"page": 1, "content_type": ["pages", "audiocontent"],  "object_id": 2}},
  {"model": "pages.pagecontent", "pk": 3,  "fields": {"page": 1, "content_type": ["pages", "audiocontent"],  "object_id": 3}},
  {"model": "pages.pagecontent", "pk": 4,  "fields": {"page": 1, "content_type": ["pages", "audiocontent"],  "object_id": 4}},
  {"model": "pages.pagecontent", "pk": 5,  "fields": {"page": 1, "content_type": ["pages", "audiocontent"],  "object_id": 5}},
  {"model": "pages.pagecontent", "pk": 6,  "fields": {"page": 1, "content_type": ["pages", "videocontent"], "object_id": 1}},
  {"model": "pages.pagecontent", "pk": 7,  "fields": {"page": 1, "content_type": ["pages", "videocontent"], "object_id": 2}},
  {"model": "pages.pagecontent", "pk": 8,  "fields": {"page": 1, "content_type": ["pages", "videocontent"], "object_id": 3}},

  {"model": "pages.pagecontent", "pk": 9,  "fields": {"page": 2, "content_type": ["pages", "audiocontent"],  "object_id": 6}},
  {"model": "pages.pagecontent", "pk": 10, "fields": {"page": 2, "content_type": ["pages", "audiocontent"],  "object_id": 7}},
  {"model": "pages.pagecontent", "pk": 11, "fields": {"page": 2, "content_type": ["pages", "audiocontent"],  "object_id": 8}},
  {"model": "pages.pagecontent", "pk": 12, "fields": {"page": 2, "content_type": ["pages", "audiocontent"],  "object_id": 9}},
  {"model": "pages.pagecontent", "pk": 13, "fields": {"page": 2, "content_type": ["pages", "audiocontent"],  "object_id": 10}},
  {"model": "pages.pagecontent", "pk": 14, "fields": {"page": 2, "content_type": ["pages", "videocontent"], "object_id": 4}},
  {"model": "pages.pagecontent", "pk": 15, "fields": {"page": 2, "content_type": ["pages", "videocontent"], "object_id": 5}},
  {"model": "pages.pagecontent", "pk": 16, "fields": {"page": 2, "content_type": ["pages", "videocontent"], "object_id": 6}},
  {"model": "pages.pagecontent", "pk": 17, "fields": {"page": 2, "content_type": ["pages", "videocontent"], "object_id": 7}},

  {"model": "pages.pagecontent", "pk": 18, "fields": {"page": 3, "content_type": ["pages", "audiocontent"],  "object_id": 11}},
  {"model": "pages.pagecontent", "pk": 19, "fields": {"page": 3, "content_type": ["pages", "audiocontent"],  "object_id": 12}},
  {"model": "pages.pagecontent", "pk": 20, "fields": {"page": 3, "content_type": ["pages", "audiocontent"],  "object_id": 13}},
  {"model": "pages.pagecontent", "pk": 21, "fields": {"page": 3, "content_type": ["pages", "audiocontent"],  "object_id": 14}},
  {"model": "pages.pagecontent", "pk": 22, "fields": {"page": 3, "content_type": ["pages", "audiocontent"],  "object_id": 15}},
  {"model": "pages.pagecontent", "pk": 23, "fields": {"page": 3, "content_type": ["pages", "videocontent"], "object_id": 8}},
  {"model": "pages.pagecontent", "pk": 24, "fields": {"page": 3, "content_type": ["pages", "videocontent"], "object_id": 9}},
  {"model": "pages.pagecontent", "pk": 25, "fields": {"page": 3, "content_type": ["pages", "videocontent"], "object_id": 10}},
  {"model": "pages.pagecontent", "pk": 26, "fields": {"page": 3, "content_type": ["pages", "videocontent"], "object_id": 11}},
  {"model": "pages.pagecontent", "pk": 27, "fields": {"page": 3, "content_type": ["pages", "videocontent"], "object_id": 12}},

  {"model": "pages.pagecontent", "pk": 28, "fields": {"page": 4, "content_type": ["pages", "audiocontent"],  "object_id": 16}},
  {"model": "pages.pagecontent", "pk": 29, "fields": {"page": 4, "content_type": ["pages", "audiocontent"],  "object_id": 17}},
  {"model": "pages.pagecontent", "pk": 30, "fields": {"page": 4, "content_type": ["pages", "audiocontent"],  "object_id": 18}},
  {"model": "pages.pagecontent", "pk": 31, "fields": {"page": 4, "content_type": ["pages", "audiocontent"],  "object_id": 19}},
  {"model": "pages.pagecontent", "pk": 32, "fields": {"page": 4, "content_type": ["pages", "audiocontent"],  "object_id": 20}},
  {"model": "pages.pagecontent", "pk": 33, "fields": {"page": 4, "content_type": ["pages", "videocontent"], "object_id": 13}},
  {"model": "pages.pagecontent", "pk": 34, "fields": {"page": 4, "content_type": ["pages", "videocontent"], "object_id": 14}},
  {"model": "pages.pagecontent", "pk": 35, "fields": {"page": 4, "content_type": ["pages", "videocontent"], "object_id": 15}},
  {"model": "pages.pagecontent", "pk": 36, "fields": {"page": 4, "content_type": ["pages", "videocontent"], "object_id": 16}},

  {"model": "pages.pagecontent", "pk": 37, "fields": {"page": 5, "content_type": ["pages", "videocontent"], "object_id": 17}},
  {"model": "pages.pagecontent", "pk": 38, "fields": {"page": 5, "content_type": ["pages", "videocontent"], "object_id": 18}},
  {"model": "pages.pagecontent", "pk": 39, "fields": {"page": 5, "content_type": ["pages", "videocontent"], "object_id": 19}},
  {"model": "pages.pagecontent", "pk": 40, "fields": {"page": 5, "content_type": ["pages", "videocontent"], "object_id": 20}},
  {"model": "pages.pagecontent", "pk": 41, "fields": {"page": 5, "content_type": ["pages", "audiocontent"],  "object_id": 1}},
  {"model": "pages.pagecontent", "pk": 42, "fields": {"page": 5, "content_type": ["pages", "audiocontent"],  "object_id": 11}},
  {"model": "pages.pagecontent", "pk": 43, "fields": {"page": 5, "content_type": ["pages", "audiocontent"],  "object_id": 16}}
]
